../images/img_1200x1200.jpg,2024-06-14 00:35:23.264715 UTC
../images/img_3400x3400.jpg,2024-06-14 00:35:23.266503 UTC
../images/img_100x400.jpg,2024-06-14 00:35:23.267242 UTC
../images/img_1500x1500.jpg,2024-06-14 00:35:23.268142 UTC
../images/img_100x600.jpg,2024-06-14 00:35:23.268744 UTC
../images/img_2400x2400.jpg,2024-06-14 00:35:23.269418 UTC
../images/img_100x200.jpg,2024-06-14 00:35:23.270012 UTC
../images/img_100x700.jpg,2024-06-14 00:35:23.270607 UTC
../images/img_1900x1900.jpg,2024-06-14 00:35:23.271821 UTC
../images/img_800x800.jpg,2024-06-14 00:35:23.272611 UTC
../images/img_3800x3800.jpg,2024-06-14 00:35:23.274766 UTC
../images/img_1000x1000.jpg,2024-06-14 00:35:23.275526 UTC
../images/img_900x900.jpg,2024-06-14 00:35:23.276154 UTC
../images/img_3600x3600.jpg,2024-06-14 00:35:23.277644 UTC
../images/img_1700x1700.jpg,2024-06-14 00:35:23.278660 UTC
../images/img_100x500.jpg,2024-06-14 00:35:23.279273 UTC
../images/img_100x100.jpg,2024-06-14 00:35:23.279828 UTC
../images/img_2800x2800.jpg,2024-06-14 00:35:23.281309 UTC
../images/img_700x700.jpg,2024-06-14 00:35:23.281927 UTC
../images/img_100x300.jpg,2024-06-14 00:35:23.282493 UTC
../images/img_600x600.jpg,2024-06-14 00:35:23.283164 UTC
../images/img_2600x2600.jpg,2024-06-14 00:35:23.283977 UTC
../images/img_2000x2000.jpg,2024-06-14 00:35:23.284908 UTC
../images/img_1100x1100.jpg,2024-06-14 00:35:23.285845 UTC
../images/img_3000x3000.jpg,2024-06-14 00:35:23.287417 UTC
../images/img_1600x1600.jpg,2024-06-14 00:35:23.288314 UTC
../images/img_1800x1800.jpg,2024-06-14 00:35:23.289131 UTC
../images/img_2200x2200.jpg,2024-06-14 00:35:23.290303 UTC
../images/img_200x200.jpg,2024-06-14 00:35:23.290876 UTC
../images/img_400x400.jpg,2024-06-14 00:35:23.291525 UTC
../images/img_300x300.jpg,2024-06-14 00:35:23.292128 UTC
../images/img_1300x1300.jpg,2024-06-14 00:35:23.292869 UTC
../images/img_3200x3200.jpg,2024-06-14 00:35:23.294076 UTC
../images/img_1400x1400.jpg,2024-06-14 00:35:23.294788 UTC
../images/img_500x500.jpg,2024-06-14 00:35:23.295337 UTC
